Game,Score,160
1,1,160
2,0,159
3,0,158
4,0,157
5,1,156
6,1,155
7,0,154
8,0,153
9,0,152
10,0,151
11,1,150
12,0,149
13,1,148
14,3,147
15,0,146
16,0,145
17,1,144
18,0,143
19,0,142
20,0,141
21,0,140
22,1,139
23,0,138
24,0,137
25,0,136
26,1,135
27,0,134
28,0,133
29,0,132
30,1,131
31,1,130
32,0,129
33,0,128
34,0,127
35,1,126
36,2,125
37,0,124
38,1,123
39,1,122
40,2,121
41,2,120
42,0,119
43,1,118
44,1,117
45,1,116
46,1,115
47,0,114
48,0,113
49,0,112
50,0,111
51,1,110
52,1,109
53,3,108
54,1,107
55,1,106
56,2,105
57,0,104
58,0,103
59,2,102
60,0,101
61,2,100
62,1,99
63,1,98
64,1,97
65,1,96
66,0,95
67,0,94
68,0,93
69,1,92
70,0,91
71,1,90
72,1,89
73,1,88
74,3,87
75,1,86
76,1,85
77,0,84
78,1,83
79,2,82
80,1,81
81,2,80
82,2,79
83,2,78
84,1,77
85,0,76
86,4,75
87,2,74
88,1,73
89,1,72
90,4,71
91,0,70
92,0,69
93,1,68
94,0,67
95,1,66
96,3,65
97,3,64
98,3,63
99,2,62
100,0,61
101,1,60
102,0,59
103,7,58
104,0,57
105,0,56
106,1,55
107,1,54
108,0,53
109,1,52
110,0,51
111,4,50
112,2,49
113,1,48
114,0,47
115,0,46
116,0,45
117,0,44
118,1,43
119,1,42
120,2,41
121,4,40
122,1,39
123,1,38
124,1,37
125,2,36
126,3,35
127,0,34
128,1,33
129,4,32
130,3,31
131,1,30
132,0,29
133,1,28
134,0,27
135,0,26
136,1,25
137,2,24
138,6,23
139,1,22
140,0,21
141,3,20
142,3,0.014456339584124778
143,5,1.5009547407297441e-41
1,1,160
2,0,160
3,0,160
4,0,160
5,0,160
6,6,160
7,12,160
8,16,160
9,6,160
10,6,151
11,2,150
12,1,149
13,1,148
14,0,147
15,1,146
16,0,145
17,1,144
18,0,143
19,0,142
20,0,141
21,0,140
22,1,139
23,0,138
24,2,137
25,1,136
26,1,135
27,0,134
28,1,133
29,2,132
30,1,131
31,2,130
32,0,129
33,0,128
34,1,127
35,1,126
36,1,125
37,0,124
38,1,123
39,0,122
40,1,121
41,1,120
42,0,119
43,1,118
44,1,117
45,0,116
46,1,115
47,3,114
48,1,113
49,3,112
50,1,111
51,1,110
52,0,109
53,1,108
54,4,107
55,0,106
56,3,105
57,1,104
58,1,103
59,2,102
60,1,101
61,1,100
62,2,99
63,0,98
64,2,97
65,1,96
66,1,95
67,2,94
68,1,93
69,2,92
70,0,91
71,3,90
72,5,89
73,0,88
74,1,87
75,1,86
76,0,85
77,2,84
78,3,83
79,1,82
80,1,81
81,2,80
82,4,79
83,1,78
84,0,77
85,0,76
86,0,75
87,1,74
88,1,73
89,4,72
90,1,71
91,1,70
92,1,69
93,0,68
94,1,67
95,1,66
96,0,65
97,3,64
98,0,63
99,1,62
100,1,61
101,1,60
102,1,59
103,1,58
104,0,57
105,3,56
106,2,55
107,2,54
108,3,53
109,1,52
110,1,51
111,1,50
112,1,49
113,0,48
114,1,47
115,1,46
116,2,45
117,4,44
118,2,43
119,0,42
120,0,41
121,1,40
122,0,39
123,1,38
124,3,37
125,2,36
126,1,35
127,1,34
128,1,33
129,2,32
130,0,31
131,2,30
132,2,29
133,0,28
134,0,27
135,0,26
136,1,25
137,2,24
138,0,23
139,4,22
140,2,21
141,1,20
142,1,13.113184411482875
143,0,7.16751506294332e-75
144,0,1.4354886067625578e-75
145,0,5.341282623062247e-120
146,0,2.0191963849193179e-122
147,0,2.047184775819689e-173
148,2,3.0279989068524126e-182
149,0,2.262436284866701e-182
150,0,5.700484874669573e-210
151,1,2.6953828878386343e-224
152,0,2.2974345252099014e-225
1,0,160
2,0,159
3,1,158
4,5,157
5,22,157
6,0,157
1,0,0.0
2,0,0.0
3,1,0.0
4,0,0.0
1,27,400
2,4,399
3,0,398
4,1,397
5,29,396
6,0,395
7,4,394
8,37,393
9,2,392
10,13,391
11,24,390
12,5,389
13,10,388
14,8,387
15,2,386
16,0,385
17,10,384
18,7,383
19,20,382
20,12,381
21,8,380
22,8,379
23,21,378
24,1,377
25,7,376
26,5,375
27,23,374
28,22,373
29,6,372
30,3,371
31,24,370
32,0,369
33,5,368
34,13,367
35,6,366
36,11,365
37,6,364
38,1,363
39,0,362
40,2,361
41,1,360
42,15,359
43,13,358
44,4,357
45,0,356
46,3,355
47,2,354
48,9,353
49,12,352
50,4,351
51,3,350
52,10,349
53,6,348
54,4,347
55,3,346
56,1,345
57,3,344
58,6,343
59,6,342
60,4,341
61,14,340
62,8,339
63,3,338
64,3,337
65,0,336
66,0,335
67,12,334
68,4,333
69,5,332
70,0,331
71,3,330
72,14,329
73,1,328
74,15,327
75,15,326
76,6,325
77,1,324
78,13,323
79,4,322
80,11,321
81,11,320
82,9,319
83,4,318
84,0,317
85,3,316
86,2,315
87,13,314
88,3,313
89,11,312
90,7,311
91,4,310
92,2,309
93,3,308
94,3,307
95,6,306
96,8,305
97,9,304
98,5,303
99,1,302
100,0,301
101,1,300
102,3,299
103,20,298
104,8,297
105,5,296
106,3,295
107,7,294
108,11,293
109,12,292
110,0,291
111,8,290
112,4,289
113,6,288
114,2,287
115,3,286
116,9,285
117,3,284
118,3,283
119,0,282
120,3,281
121,7,280
122,3,279
123,8,278
124,2,277
125,2,276
126,5,275
127,11,274
128,11,273
129,10,272
130,13,271
131,5,270
132,2,269
133,12,268
134,2,267
135,1,266
136,8,265
137,0,264
138,11,263
139,6,262
140,1,261
141,2,260
142,11,259
143,6,258
144,3,257
145,0,256
146,7,255
147,4,254
148,5,253
149,5,252
150,17,251
151,12,250
152,2,249
153,8,248
154,4,247
155,10,246
156,6,245
157,2,244
158,4,243
159,0,242
160,2,241
161,1,240
162,10,239
163,3,238
164,8,237
165,0,236
166,9,235
167,1,234
168,16,233
169,12,232
170,3,231
171,1,230
172,10,229
173,4,228
174,4,227
175,4,226
176,1,225
177,12,224
178,9,223
179,9,222
180,0,221
181,1,220
182,7,219
183,1,218
184,4,217
185,1,216
186,0,215
187,7,214
188,3,213
189,12,212
190,3,211
191,12,210
192,8,209
193,1,208
194,3,207
195,11,206
196,12,205
197,12,204
198,7,203
199,5,202
200,8,201
201,2,200
202,3,199
203,4,198
204,5,197
205,1,196
206,12,195
207,1,194
208,8,193
209,3,192
210,1,191
211,0,190
212,1,189
213,8,188
214,5,187
215,2,186
216,4,185
217,12,184
218,1,183
219,2,182
220,1,181
221,1,180
222,3,179
223,1,178
224,2,177
225,5,176
226,0,175
227,1,174
228,5,173
229,3,172
230,5,171
231,12,170
232,11,169
233,2,168
234,5,167
235,2,166
236,4,165
237,12,164
238,1,163
239,8,162
240,1,161
241,12,160
242,6,159
243,11,158
244,2,157
245,1,156
246,10,155
247,5,154
248,5,153
249,3,152
250,5,151
251,12,150
252,10,149
253,3,148
254,11,147
255,2,146
256,10,145
257,2,144
258,10,143
259,7,142
260,14,141
261,5,140
262,7,139
263,3,138
264,1,137
265,8,136
266,15,135
267,1,134
268,2,133
269,1,132
270,9,131
271,7,130
272,7,129
273,5,128
274,0,127
275,3,126
276,8,125
277,5,124
278,9,123
279,12,122
280,5,121
281,9,120
282,3,119
283,5,118
284,1,117
285,2,116
286,5,115
287,4,114
288,4,113
289,2,112
290,6,111
291,2,110
292,7,109
293,11,108
294,1,107
295,0,106
296,6,105
297,2,104
298,12,103
299,2,102
300,5,101
301,7,100
302,7,99
303,11,98
304,3,97
305,2,96
306,3,95
307,6,94
308,6,93
309,4,92
310,4,91
311,8,90
312,4,89
313,6,88
314,9,87
315,6,86
316,5,85
317,12,84
318,0,83
319,10,82
320,1,81
321,1,80
322,7,79
323,1,78
324,15,77
325,4,76
326,13,75
327,6,74
328,4,73
329,3,72
330,1,71
331,15,70
332,3,69
333,7,68
334,5,67
335,3,66
336,3,65
337,7,64
338,2,63
339,1,62
340,11,61
341,2,60
342,1,59
343,5,58
344,10,57
345,7,56
346,6,55
347,3,54
348,5,53
349,2,52
350,3,51
351,1,50
352,3,49
353,3,48
354,6,47
355,1,46
356,7,45
357,6,44
358,1,43
359,13,42
360,0,41
361,7,40
362,6,39
363,1,38
364,7,37
365,2,36
366,6,35
367,4,34
368,11,33
369,9,32
370,5,31
371,3,30
372,4,29
373,2,28
374,10,27
375,2,26
376,3,25
377,1,24
378,2,23
379,1,22
380,7,21
381,1,20
382,5,17.246
383,11,9.714
384,4,8.855
385,1,8.391
386,3,7.567
387,3,6.11
388,5,4.963
389,1,4.813
390,5,3.934
391,0,3.87
392,6,3.186
393,5,2.679
394,4,2.397
395,3,2.069
396,8,1.645
397,7,1.303
398,5,1.128
399,10,0.874
400,0,0.828
401,5,0.652
402,5,0.499
403,1,0.499
404,4,0.499
405,7,0.499
406,9,0.499
407,2,0.499
408,1,0.499
409,0,0.499
410,1,0.499
411,1,0.499
412,7,0.499
413,2,0.499
414,3,0.499
415,5,0.499
416,6,0.499
417,3,0.499
418,2,0.499
419,2,0.499
420,8,0.499
421,7,0.499
422,2,0.499
423,4,0.499
424,3,0.499
425,4,0.499
426,4,0.499
427,8,0.499
428,13,0.499
429,13,0.499
430,1,0.499
431,6,0.499
432,1,0.499
433,3,0.499
434,12,0.499
435,1,0.499
436,6,0.499
437,4,0.499
438,3,0.499
439,1,0.499
440,2,0.499
441,5,0.499
442,3,0.499
443,2,0.499
444,9,0.499
445,5,0.499
446,5,0.499
447,7,0.499
448,3,0.499
449,1,0.499
450,4,0.499
451,5,0.499
452,2,0.499
453,4,0.499
454,9,0.499
455,0,0.499
456,5,0.499
457,5,0.499
458,11,0.499
459,1,0.499
460,3,0.499
461,11,0.499
462,1,0.499
463,9,0.499
464,4,0.499
465,3,0.499
466,6,0.499
467,2,0.499
468,7,0.499
469,4,0.499
470,3,0.499
471,3,0.499
472,8,0.499
473,5,0.499
474,5,0.499
475,1,0.499
476,5,0.499
477,1,0.499
478,11,0.499
479,2,0.499
480,6,0.499
481,5,0.499
482,11,0.499
483,0,0.499
484,7,0.499
485,5,0.499
486,5,0.499
487,7,0.499
488,7,0.499
489,2,0.499
490,2,0.499
491,2,0.499
492,5,0.499
493,2,0.499
494,9,0.499
495,3,0.499
496,5,0.499
497,5,0.499
498,4,0.499
499,2,0.499
500,8,0.499
501,4,0.499
502,7,0.499
503,0,0.499
504,3,0.499
505,1,0.499
506,3,0.499
507,6,0.499
508,1,0.499
509,3,0.499
510,2,0.499
511,5,0.499
512,9,0.499
513,7,0.499
514,7,0.499
515,6,0.499
516,2,0.499
517,1,0.499
518,4,0.499
519,4,0.499
520,1,0.499
521,6,0.499
522,3,0.499
523,3,0.499
524,5,0.499
525,2,0.499
526,8,0.499
527,4,0.499
528,3,0.499
529,7,0.499
530,1,0.499
531,1,0.499
532,2,0.499
533,1,0.499
534,3,0.499
535,4,0.499
536,8,0.499
537,5,0.499
538,1,0.499
539,6,0.499
540,13,0.499
541,3,0.499
542,3,0.499
543,9,0.499
544,5,0.499
545,0,0.499
546,9,0.499
547,2,0.499
548,3,0.499
549,3,0.499
550,6,0.499
551,5,0.499
552,3,0.499
553,4,0.499
554,1,0.499
555,5,0.499
556,1,0.499
557,2,0.499
558,7,0.499
559,2,0.499
560,5,0.499
561,7,0.499
562,3,0.499
563,5,0.499
564,1,0.499
565,4,0.499
566,11,0.499
567,5,0.499
568,5,0.499
569,3,0.499
570,5,0.499
571,1,0.499
572,8,0.499
573,13,0.499
574,9,0.499
575,7,0.499
576,8,0.499
577,3,0.499
578,7,0.499
579,13,0.499
580,3,0.499
581,11,0.499
582,5,0.499
583,5,0.499
584,1,0.499
585,7,0.499
586,5,0.499
587,5,0.499
588,14,0.499
589,3,0.499
590,7,0.499
591,7,0.499
592,4,0.499
593,5,0.499
594,5,0.499
595,10,0.499
596,7,0.499
597,1,0.499
598,6,0.499
599,9,0.499
600,3,0.499
601,13,0.499
602,1,0.499
603,6,0.499
604,3,0.499
605,2,0.499
606,6,0.499
607,9,0.499
608,6,0.499
609,9,0.499
610,12,0.499
611,3,0.499
612,9,0.499
613,6,0.499
614,3,0.499
615,5,0.499
616,7,0.499
617,8,0.499
618,5,0.499
619,5,0.499
620,5,0.499
621,1,0.499
622,5,0.499
623,6,0.499
624,5,0.499
625,8,0.499
626,1,0.499
627,12,0.499
628,2,0.499
629,6,0.499
630,2,0.499
631,4,0.499
632,3,0.499
633,2,0.499
634,11,0.499
635,4,0.499
636,5,0.499
637,7,0.499
638,11,0.499
639,7,0.499
640,5,0.499
641,2,0.499
642,4,0.499
643,6,0.499
644,3,0.499
645,3,0.499
646,12,0.499
647,1,0.499
648,13,0.499
649,8,0.499
650,10,0.499
651,3,0.499
652,2,0.499
653,3,0.499
654,11,0.499
655,11,0.499
656,19,0.499
657,2,0.499
658,3,0.499
659,7,0.499
660,3,0.499
661,0,0.499
662,15,0.499
663,11,0.499
664,13,0.499
665,9,0.499
666,7,0.499
667,3,0.499
668,4,0.499
669,1,0.499
670,3,0.499
671,4,0.499
672,6,0.499
673,12,0.499
674,7,0.499
675,4,0.499
676,5,0.499
677,5,0.499
678,6,0.499
679,6,0.499
680,7,0.499
681,1,0.499
682,17,0.499
683,5,0.499
684,6,0.499
685,18,0.499
686,2,0.499
687,5,0.499
688,1,0.499
689,8,0.499
690,6,0.499
691,7,0.499
692,10,0.499
693,3,0.499
694,21,0.499
695,6,0.499
696,8,0.499
697,3,0.499
698,7,0.499
699,4,0.499
700,6,0.499
701,3,0.499
702,7,0.499
703,5,0.499
704,10,0.499
705,22,0.499
706,6,0.499
707,1,0.499
708,8,0.499
709,10,0.499
710,11,0.499
711,6,0.499
712,7,0.499
713,9,0.499
714,3,0.499
715,2,0.499
716,6,0.499
717,8,0.499
718,9,0.499
719,8,0.499
720,2,0.499
721,9,0.499
722,13,0.499
723,9,0.499
724,3,0.499
725,10,0.499
726,17,0.499
727,9,0.499
728,5,0.499
729,5,0.499
730,3,0.499
731,30,0.499
732,0,0.499
733,8,0.499
734,16,0.499
735,5,0.499
736,2,0.499
737,2,0.499
738,1,0.499
739,5,0.499
740,13,0.499
741,19,0.499
742,3,0.499
743,8,0.499
744,24,0.499
745,7,0.499
746,13,0.499
747,1,0.499
748,4,0.499
749,4,0.499
750,3,0.499
751,3,0.499
752,8,0.499
753,3,0.499
754,7,0.499
755,1,0.499
756,5,0.499
757,9,0.499
758,3,0.499
759,7,0.499
760,4,0.499
761,5,0.499
762,2,0.499
763,8,0.499
764,14,0.499
765,10,0.499
766,5,0.499
767,6,0.499
768,1,0.499
769,3,0.499
770,5,0.499
771,5,0.499
772,7,0.499
773,14,0.499
774,5,0.499
775,7,0.499
776,9,0.499
777,3,0.499
778,2,0.499
779,1,0.499
780,7,0.499
781,1,0.499
782,14,0.499
783,10,0.499
784,4,0.499
785,7,0.499
786,4,0.499
787,16,0.499
788,13,0.499
789,5,0.499
790,12,0.499
791,15,0.499
792,11,0.499
793,8,0.499
794,4,0.499
795,11,0.499
796,3,0.499
797,1,0.499
798,5,0.499
799,17,0.499
800,2,0.499
801,14,0.499
802,24,0.499
803,2,0.499
804,10,0.499
805,9,0.499
806,6,0.499
807,8,0.499
808,11,0.499
809,11,0.499
810,11,0.499
811,19,0.499
812,16,0.499
813,3,0.499
814,6,0.499
815,5,0.499
816,2,0.499
817,8,0.499
818,23,0.499
819,7,0.499
820,2,0.499
821,4,0.499
822,9,0.499
823,9,0.499
824,10,0.499
825,13,0.499
826,1,0.499
827,5,0.499
828,9,0.499
829,11,0.499
830,18,0.499
831,15,0.499
832,5,0.499
833,9,0.499
834,7,0.499
835,12,0.499
836,4,0.499
837,13,0.499
838,5,0.499
839,32,0.499
840,19,0.499
841,5,0.499
842,5,0.499
843,25,0.499
844,12,0.499
845,10,0.499
846,6,0.499
847,15,0.499
848,6,0.499
849,14,0.499
850,22,0.499
851,8,0.499
852,5,0.499
853,3,0.499
854,1,0.499
855,9,0.499
856,6,0.499
857,5,0.499
858,3,0.499
859,2,0.499
860,6,0.499
861,1,0.499
862,7,0.499
863,5,0.499
864,6,0.499
865,1,0.499
866,19,0.499
867,12,0.499
868,6,0.499
869,8,0.499
870,5,0.499
871,10,0.499
872,14,0.499
873,11,0.499
874,21,0.499
875,19,0.499
876,11,0.499
877,20,0.499
878,6,0.499
879,22,0.499
880,9,0.499
881,8,0.499
882,2,0.499
883,14,0.499
884,22,0.499
885,3,0.499
886,15,0.499
887,1,0.499
888,20,0.499
889,2,0.499
890,1,0.499
891,17,0.499
892,2,0.499
893,13,0.499
894,12,0.499
895,12,0.499
896,13,0.499
897,5,0.499
898,1,0.499
899,16,0.499
900,10,0.499
901,16,0.499
902,9,0.499
903,24,0.499
904,6,0.499
905,6,0.499
906,10,0.499
907,11,0.499
908,0,0.499
909,4,0.499
910,13,0.499
911,13,0.499
912,13,0.499
913,3,0.499
914,6,0.499
915,1,0.499
916,5,0.499
917,18,0.499
918,23,0.499
919,6,0.499
920,4,0.499
921,16,0.499
922,1,0.499
923,10,0.499
924,15,0.499
925,8,0.499
926,21,0.499
927,10,0.499
928,5,0.499
929,3,0.499
930,8,0.499
931,23,0.499
932,5,0.499
933,5,0.499
934,6,0.499
935,15,0.499
936,2,0.499
937,13,0.499
938,21,0.499
939,2,0.499
940,1,0.499
941,3,0.499
942,13,0.499
943,2,0.499
944,4,0.499
945,21,0.499
946,21,0.499
947,7,0.499
948,5,0.499
949,7,0.499
950,20,0.499
951,17,0.499
952,2,0.499
953,4,0.499
954,9,0.499
955,24,0.499
956,13,0.499
957,15,0.499
958,1,0.499
959,7,0.499
960,17,0.499
961,11,0.499
962,1,0.499
963,9,0.499
964,7,0.499
965,10,0.499
966,14,0.499
967,1,0.499
968,5,0.499
969,4,0.499
970,15,0.499
971,5,0.499
972,8,0.499
973,3,0.499
974,4,0.499
975,5,0.499
976,10,0.499
977,8,0.499
978,13,0.499
979,10,0.499
980,6,0.499
981,13,0.499
982,2,0.499
983,4,0.499
984,7,0.499
985,16,0.499
986,12,0.499
987,9,0.499
988,21,0.499
989,5,0.499
990,6,0.499
991,3,0.499
992,20,0.499
993,24,0.499
994,26,0.499
995,21,0.499
996,1,0.499
997,23,0.499
998,1,0.499
999,3,0.499
1000,5,0.499
1001,2,0.499
1002,1,0.499
1003,16,0.499
1004,16,0.499
1005,13,0.499
1006,9,0.499
1007,15,0.499
1008,20,0.499
1009,16,0.499
1010,4,0.499
1011,3,0.499
1012,12,0.499
1013,16,0.499
1014,10,0.499
1015,25,0.499
1016,5,0.499
1017,19,0.499
1018,8,0.499
1019,5,0.499
1020,7,0.499
1021,29,0.499
1022,26,0.499
1023,6,0.499
1024,18,0.499
1025,7,0.499
1026,12,0.499
1027,6,0.499
1028,7,0.499
1029,6,0.499
1030,16,0.499
1031,12,0.499
1032,18,0.499
1033,7,0.499
1034,12,0.499
1035,4,0.499
1036,28,0.499
1037,16,0.499
1038,11,0.499
1039,5,0.499
1040,3,0.499
1041,9,0.499
1042,3,0.499
1043,18,0.499
1044,9,0.499
1045,1,0.499
1046,11,0.499
1047,7,0.499
1048,7,0.499
1049,17,0.499
1050,8,0.499
1051,6,0.499
1052,21,0.499
1053,2,0.499
1054,8,0.499
1055,5,0.499
1056,18,0.499
1057,6,0.499
1058,12,0.499
1059,18,0.499
1060,19,0.499
1061,15,0.499
1062,11,0.499
1063,14,0.499
1064,6,0.499
1065,9,0.499
1066,18,0.499
1067,16,0.499
1068,12,0.499
1069,13,0.499
1070,14,0.499
1071,13,0.499
1072,21,0.499
1073,16,0.499
1074,15,0.499
1075,18,0.499
1076,23,0.499
1077,5,0.499
1078,23,0.499
1079,16,0.499
1080,1,0.499
1081,9,0.499
1082,5,0.499
1083,3,0.499
1084,14,0.499
1085,4,0.499
1086,20,0.499
1087,2,0.499
1088,8,0.499
1089,10,0.499
1090,1,0.499
1091,2,0.499
1092,7,0.499
1093,23,0.499
1094,12,0.499
1095,12,0.499
1096,24,0.499
1097,3,0.499
1098,10,0.499
1099,15,0.499
1100,5,0.499
1101,12,0.499
1102,10,0.499
1103,17,0.499
1104,11,0.499
1105,15,0.499
1106,16,0.499
1107,19,0.499
1108,4,0.499
1109,3,0.499
1110,8,0.499
1111,10,0.499
1112,11,0.499
1113,10,0.499
1114,11,0.499
1115,14,0.499
1116,12,0.499
1117,19,0.499
1118,19,0.499
1119,13,0.499
1120,22,0.499
1121,1,0.499
1122,17,0.499
1123,13,0.499
1124,16,0.499
1125,15,0.499
1126,6,0.499
1127,3,0.499
1128,11,0.499
1129,3,0.499
1130,23,0.499
1131,17,0.499
1132,21,0.499
1133,8,0.499
1134,3,0.499
1135,16,0.499
1136,19,0.499
1137,8,0.499
1138,14,0.499
1139,10,0.499
1140,24,0.499
1141,10,0.499
1142,3,0.499
1143,18,0.499
1144,8,0.499
1145,27,0.499
1146,16,0.499
1147,7,0.499
1148,1,0.499
1149,32,0.499
1150,1,0.499
1151,7,0.499
1152,11,0.499
1153,13,0.499
1154,11,0.499
1155,7,0.499
1156,5,0.499
1157,21,0.499
1158,16,0.499
1159,15,0.499
1160,20,0.499
1161,14,0.499
1162,14,0.499
1163,10,0.499
1164,5,0.499
1165,5,0.499
1166,18,0.499
1167,8,0.499
1168,10,0.499
1169,12,0.499
1170,3,0.499
1171,15,0.499
1172,4,0.499
1173,11,0.499
1174,3,0.499
1175,3,0.499
1176,25,0.499
1177,6,0.499
1178,4,0.499
1179,13,0.499
1180,8,0.499
1181,8,0.499
1182,15,0.499
1183,7,0.499
1184,5,0.499
1185,1,0.499
1186,2,0.499
1187,19,0.499
1188,25,0.499
1189,13,0.499
1190,26,0.499
1191,21,0.499
1192,17,0.499
1193,18,0.499
1194,11,0.499
1195,12,0.499
1196,16,0.499
1197,18,0.499
1198,27,0.499
1199,2,0.499
1200,5,0.499
1201,26,0.499
1202,10,0.499
1203,21,0.499
1204,13,0.499
1205,12,0.499
1206,11,0.499
1207,13,0.499
1208,2,0.499
1209,16,0.499
1210,23,0.499
1211,11,0.499
1212,21,0.499
1213,17,0.499
1214,6,0.499
1215,5,0.499
1216,8,0.499
1217,24,0.499
1218,10,0.499
1219,20,0.499
1220,11,0.499
1221,11,0.499
1222,3,0.499
1223,1,0.499
1224,11,0.499
1225,8,0.499
1226,24,0.499
1227,1,0.499
1228,21,0.499
1229,11,0.499
1230,11,0.499
1231,26,0.499
1232,9,0.499
1233,17,0.499
1234,9,0.499
1235,1,0.499
1236,14,0.499
1237,15,0.499
1238,26,0.499
1239,23,0.499
1240,21,0.499
1241,19,0.499
1242,19,0.499
1243,12,0.499
1244,4,0.499
1245,20,0.499
1246,23,0.499
1247,12,0.499
1248,45,0.499
1249,9,0.499
1250,13,0.499
1251,10,0.499
1252,23,0.499
1253,5,0.499
1254,5,0.499
1255,9,0.499
1256,15,0.499
1257,8,0.499
1258,14,0.499
1259,6,0.499
1260,1,0.499
1261,18,0.499
1262,40,0.499
1263,1,0.499
1264,22,0.499
1265,31,0.499
1266,15,0.499
1267,16,0.499
1268,3,0.499
1269,14,0.499
1270,42,0.499
1271,26,0.499
1272,11,0.499
1273,2,0.499
1274,11,0.499
1275,32,0.499
1276,18,0.499
1277,13,0.499
1278,30,0.499
1279,29,0.499
1280,6,0.499
1281,21,0.499
1282,19,0.499
1283,21,0.499
1284,3,0.499
1285,7,0.499
1286,4,0.499
1287,5,0.499
1288,16,0.499
1289,38,0.499
1290,3,0.499
1291,6,0.499
1292,27,0.499
1293,18,0.499
1294,10,0.499
1295,1,0.499
1296,9,0.499
1297,15,0.499
1298,7,0.499
1299,9,0.499
1300,24,0.499
1301,16,0.499
1302,13,0.499
1303,15,0.499
1304,4,0.499
1305,32,0.499
1306,35,0.499
1307,6,0.499
1308,10,0.499
1309,16,0.499
1310,15,0.499
1311,8,0.499
1312,5,0.499
1313,13,0.499
1314,27,0.499
1315,10,0.499
1316,26,0.499
1317,35,0.499
1318,35,0.499
1319,21,0.499
1320,14,0.499
1321,3,0.499
1322,14,0.499
1323,15,0.499
1324,27,0.499
1325,9,0.499
1326,6,0.499
1327,26,0.499
1328,28,0.499
1329,10,0.499
1330,35,0.499
1331,21,0.499
1332,10,0.499
1333,29,0.499
1334,20,0.499
1335,9,0.499
1336,24,0.499
1337,9,0.499
1338,20,0.499
1339,14,0.499
1340,13,0.499
1341,20,0.499
1342,23,0.499
1343,19,0.499
1344,16,0.499
1345,8,0.499
1346,1,0.499
1347,21,0.499
1348,9,0.499
1349,28,0.499
1350,5,0.499
1351,33,0.499
1352,26,0.499
1353,16,0.499
1354,10,0.499
1355,5,0.499
1356,14,0.499
1357,25,0.499
1358,4,0.499
1359,27,0.499
1360,22,0.499
1361,1,0.499
1362,11,0.499
1363,30,0.499
1364,24,0.499
1365,27,0.499
1366,12,0.499
1367,17,0.499
1368,11,0.499
1369,8,0.499
1370,11,0.499
1371,4,0.499
1372,8,0.499
1373,33,0.499
1374,15,0.499
1375,22,0.499
1376,21,0.499
1377,24,0.499
1378,22,0.499
1379,15,0.499
1380,14,0.499
1381,28,0.499
1382,37,0.499
1383,12,0.499
1384,18,0.499
1385,19,0.499
1386,17,0.499
1387,25,0.499
1388,24,0.499
1389,10,0.499
1390,11,0.499
1391,28,0.499
1392,25,0.499
1393,4,0.499
1394,9,0.499
1395,13,0.499
1396,3,0.499
1397,9,0.499
1398,32,0.499
1399,35,0.499
1400,16,0.499
1401,13,0.499
1402,29,0.499
1403,30,0.499
1404,13,0.499
1405,8,0.499
1406,37,0.499
1407,10,0.499
1408,7,0.499
1409,14,0.499
1410,38,0.499
1411,11,0.499
1412,17,0.499
1413,0,0.499
1414,17,0.499
1415,21,0.499
1416,18,0.499
1417,12,0.499
1418,33,0.499
1419,24,0.499
1420,28,0.499
1421,18,0.499
1422,7,0.499
1423,10,0.499
1424,4,0.499
1425,9,0.499
1426,7,0.499
1427,13,0.499
1428,16,0.499
1429,21,0.499
1430,26,0.499
1431,21,0.499
1432,3,0.499
1433,31,0.499
1434,14,0.499
1435,7,0.499
1436,33,0.499
1437,16,0.499
1438,27,0.499
1439,21,0.499
1440,20,0.499
1441,1,0.499
1442,2,0.499
1443,38,0.499
1444,25,0.499
1445,27,0.499
1446,8,0.499
1447,12,0.499
1448,9,0.499
1449,3,0.499
1450,29,0.499
1451,13,0.499
1452,9,0.499
1453,7,0.499
1454,28,0.499
1455,25,0.499
1456,23,0.499
1457,22,0.499
1458,33,0.499
1459,34,0.499
1460,8,0.499
1461,20,0.499
1462,21,0.499
1463,17,0.499
1464,5,0.499
1465,16,0.499
1466,16,0.499
1467,28,0.499
1468,11,0.499
1469,31,0.499
1470,24,0.499
1471,5,0.499
1472,43,0.499
1473,14,0.499
1474,11,0.499
1475,32,0.499
1476,18,0.499
1477,6,0.499
1478,25,0.499
1479,16,0.499
1480,17,0.499
1481,19,0.499
1482,5,0.499
1483,11,0.499
1484,11,0.499
1485,34,0.499
1486,27,0.499
1487,2,0.499
1488,1,0.499
1489,14,0.499
1490,14,0.499
1491,6,0.499
1492,4,0.499
1493,26,0.499
1494,22,0.499
1495,23,0.499
1496,5,0.499
1497,38,0.499
1498,6,0.499
1499,41,0.499
1500,20,0.499
1501,12,0.499
1502,24,0.499
1503,27,0.499
1504,26,0.499
1505,37,0.499
1506,24,0.499
1507,8,0.499
1508,20,0.499
1509,20,0.499
1510,15,0.499
1511,43,0.499
1512,18,0.499
1513,22,0.499
1514,4,0.499
1515,11,0.499
1516,11,0.499
1517,9,0.499
1518,5,0.499
1519,19,0.499
1520,24,0.499
1521,23,0.499
1522,19,0.499
1523,18,0.499
1524,10,0.499
1525,20,0.499
1526,28,0.499
1527,24,0.499
1528,12,0.499
1529,9,0.499
1530,20,0.499
1531,9,0.499
1532,32,0.499
1533,4,0.499
1534,26,0.499
1535,16,0.499
1536,31,0.499
1537,16,0.499
1538,11,0.499
1539,28,0.499
1540,22,0.499
1541,20,0.499
1542,11,0.499
1543,30,0.499
1544,31,0.499
1545,3,0.499
1546,20,0.499
1547,31,0.499
1548,34,0.499
1549,19,0.499
1550,14,0.499
1551,14,0.499
1552,7,0.499
1553,27,0.499
1554,15,0.499
1555,16,0.499
1556,1,0.499
1557,9,0.499
1558,20,0.499
1559,7,0.499
1560,6,0.499
1561,33,0.499
1562,20,0.499
1563,32,0.499
1564,5,0.499
1565,27,0.499
1566,1,0.499
1567,12,0.499
1568,13,0.499
1569,3,0.499
1570,13,0.499
1571,13,0.499
1572,13,0.499
1573,22,0.499
1574,9,0.499
1575,16,0.499
1576,21,0.499
1577,36,0.499
1578,32,0.499
1579,13,0.499
1580,28,0.499
1581,48,0.499
1582,8,0.499
1583,15,0.499
1584,19,0.499
1585,5,0.499
1586,26,0.499
1587,4,0.499
1588,7,0.499
1589,20,0.499
1590,20,0.499
1591,32,0.499
1592,21,0.499
1593,19,0.499
1594,20,0.499
1595,53,0.499
1596,12,0.499
1597,21,0.499
1598,30,0.499
1599,23,0.499
1600,24,0.499
1601,6,0.499
1602,30,0.499
1603,33,0.499
1604,23,0.499
1605,39,0.499
1606,32,0.499
1607,12,0.499
1608,16,0.499
1609,7,0.499
1610,51,0.499
1611,1,0.499
1612,15,0.499
1613,20,0.499
1614,18,0.499
1615,24,0.499
1616,4,0.499
1617,20,0.499
1618,7,0.499
1619,8,0.499
1620,12,0.499
1621,1,0.499
1622,13,0.499
1623,7,0.499
1624,10,0.499
1625,15,0.499
1626,36,0.499
1627,8,0.499
1628,9,0.499
1629,29,0.499
1630,41,0.499
1631,11,0.499
1632,7,0.499
1633,1,0.499
1634,27,0.499
1635,15,0.499
1636,9,0.499
1637,17,0.499
1638,40,0.499
1639,19,0.499
1640,25,0.499
1641,4,0.499
1642,24,0.499
1643,25,0.499
1644,13,0.499
1645,33,0.499
1646,13,0.499
1647,21,0.499
1648,12,0.499
1649,16,0.499
1650,7,0.499
1651,33,0.499
1652,14,0.499
1653,13,0.499
1654,34,0.499
1655,20,0.499
1656,26,0.499
1657,15,0.499
1658,4,0.499
1659,24,0.499
1660,40,0.499
1661,26,0.499
1662,32,0.499
1663,31,0.499
1664,18,0.499
1665,24,0.499
1666,29,0.499
1667,22,0.499
1668,33,0.499
1669,29,0.499
1670,36,0.499
1671,3,0.499
1672,35,0.499
1673,18,0.499
1674,20,0.499
1675,0,0.499
1676,9,0.499
1677,35,0.499
1678,21,0.499
1679,52,0.499
1680,35,0.499
1681,17,0.499
1682,18,0.499
1683,14,0.499
1684,6,0.499
1685,38,0.499
1686,11,0.499
1687,21,0.499
1688,29,0.499
1689,38,0.499
1690,27,0.499
1691,21,0.499
1692,19,0.499
1693,37,0.499
1694,23,0.499
1695,30,0.499
1696,29,0.499
1697,30,0.499
1698,27,0.499
1699,19,0.499
1700,31,0.499
1701,25,0.499
1702,29,0.499
1703,6,0.499
1704,1,0.499
1705,4,0.499
1706,9,0.499
1707,20,0.499
1708,33,0.499
1709,8,0.499
1710,11,0.499
1711,22,0.499
1712,23,0.499
1713,15,0.499
1714,24,0.499
1715,32,0.499
1716,12,0.499
1717,32,0.499
1718,18,0.499
1719,18,0.499
1720,32,0.499
1721,23,0.499
1722,16,0.499
1723,13,0.499
1724,12,0.499
1725,45,0.499
1726,15,0.499
1727,17,0.499
1728,10,0.499
1729,34,0.499
1730,5,0.499
1731,9,0.499
1732,21,0.499
1733,16,0.499
1734,34,0.499
1735,30,0.499
1736,27,0.499
1737,25,0.499
1738,15,0.499
1739,9,0.499
1740,31,0.499
1741,14,0.499
1742,46,0.499
1743,35,0.499
1744,12,0.499
1745,23,0.499
1746,17,0.499
1747,17,0.499
1748,35,0.499
1749,3,0.499
1750,4,0.499
1751,28,0.499
1752,22,0.499
1753,3,0.499
1754,29,0.499
1755,34,0.499
1756,13,0.499
1757,21,0.499
1758,26,0.499
1759,14,0.499
1760,7,0.499
1761,34,0.499
1762,13,0.499
1763,46,0.499
1764,12,0.499
1765,11,0.499
1766,29,0.499
1767,42,0.499
1768,16,0.499
1769,30,0.499
1770,21,0.499
1771,16,0.499
1772,16,0.499
1773,38,0.499
1774,17,0.499
1775,53,0.499
1776,26,0.499
1777,31,0.499
1778,15,0.499
1779,30,0.499
1780,15,0.499
1781,38,0.499
1782,26,0.499
1783,36,0.499
1784,17,0.499
1785,16,0.499
1786,16,0.499
1787,24,0.499
1788,4,0.499
1789,32,0.499
1790,11,0.499
1791,21,0.499
1792,1,0.499
1793,19,0.499
1794,14,0.499
1795,29,0.499
1796,21,0.499
1797,15,0.499
1798,33,0.499
1799,22,0.499
1800,22,0.499
1801,21,0.499
1802,28,0.499
1803,10,0.499
1804,19,0.499
1805,19,0.499
1806,30,0.499
1807,32,0.499
1808,34,0.499
1809,24,0.499
1810,28,0.499
1811,28,0.499
1812,17,0.499
1813,15,0.499
1814,10,0.499
1815,24,0.499
1816,18,0.499
1817,39,0.499
1818,36,0.499
1819,14,0.499
1820,18,0.499
1821,25,0.499
1822,8,0.499
1823,13,0.499
1824,6,0.499
1825,25,0.499
1826,8,0.499
1827,27,0.499
1828,2,0.499
1829,14,0.499
1830,0,0.499
1831,6,0.499
1832,53,0.499
1833,1,0.499
1834,5,0.499
1835,37,0.499
1836,6,0.499
1837,34,0.499
1838,13,0.499
1839,39,0.499
1840,7,0.499
1841,42,0.499
1842,42,0.499
1843,35,0.499
1844,8,0.499
1845,18,0.499
1846,28,0.499
1847,26,0.499
1848,31,0.499
1849,19,0.499
1850,12,0.499
1851,38,0.499
1852,14,0.499
1853,41,0.499
1854,34,0.499
1855,31,0.499
1856,2,0.499
1857,8,0.499
1858,11,0.499
1859,37,0.499
1860,27,0.499
1861,10,0.499
1862,30,0.499
1863,30,0.499
1864,12,0.499
1865,22,0.499
1866,18,0.499
1867,25,0.499
1868,28,0.499
1869,31,0.499
1870,5,0.499
1871,12,0.499
1872,34,0.499
1873,31,0.499
1874,21,0.499
1875,25,0.499
1876,30,0.499
1877,38,0.499
1878,29,0.499
1879,6,0.499
1880,28,0.499
1881,32,0.499
1882,14,0.499
1883,11,0.499
1884,18,0.499
1885,21,0.499
1886,34,0.499
1887,24,0.499
1888,10,0.499
1889,7,0.499
1890,18,0.499
1891,25,0.499
1892,49,0.499
1893,14,0.499
1894,28,0.499
1895,41,0.499
1896,3,0.499
1897,16,0.499
1898,18,0.499
1899,3,0.499
1900,21,0.499
1901,15,0.499
1902,4,0.499
1903,35,0.499
1904,25,0.499
1905,21,0.499
1906,15,0.499
1907,2,0.499
1908,24,0.499
1909,41,0.499
1910,15,0.499
1911,34,0.499
1912,25,0.499
1913,21,0.499
1914,21,0.499
1915,25,0.499
1916,31,0.499
1917,8,0.499
1918,31,0.499
1919,9,0.499
1920,21,0.499
1921,30,0.499
1922,41,0.499
1923,14,0.499
1924,27,0.499
1925,27,0.499
1926,5,0.499
1927,23,0.499
1928,19,0.499
1929,10,0.499
1930,39,0.499
1931,30,0.499
1932,38,0.499
1933,34,0.499
1934,13,0.499
1935,17,0.499
1936,14,0.499
1937,5,0.499
1938,14,0.499
1939,23,0.499
1940,37,0.499
1941,5,0.499
1942,10,0.499
1943,33,0.499
1944,2,0.499
1945,2,0.499
1946,39,0.499
1947,16,0.499
1948,11,0.499
1949,28,0.499
1950,22,0.499
1951,4,0.499
1952,33,0.499
1953,14,0.499
1954,27,0.499
1955,9,0.499
1956,11,0.499
1957,17,0.499
1958,11,0.499
1959,26,0.499
1960,25,0.499
1961,21,0.499
1962,4,0.499
1963,20,0.499
1964,22,0.499
1965,17,0.499
1966,3,0.499
1967,39,0.499
1968,44,0.499
1969,29,0.499
1970,32,0.499
1971,32,0.499
1972,40,0.499
1973,12,0.499
1974,46,0.499
1975,28,0.499
1976,19,0.499
1977,26,0.499
1978,20,0.499
1979,26,0.499
1980,33,0.499
1981,31,0.499
1982,39,0.499
1983,51,0.499
1984,29,0.499
1985,12,0.499
1986,32,0.499
1987,46,0.499
1988,8,0.499
1989,36,0.499
1990,16,0.499
1991,24,0.499
1992,7,0.499
1993,10,0.499
1994,23,0.499
1995,27,0.499
1996,43,0.499
1997,27,0.499
1998,25,0.499
1999,8,0.499
2000,12,0.499
2001,24,0.499
2002,52,0.499
2003,7,0.499
2004,30,0.499
2005,6,0.499
2006,20,0.499
2007,2,0.499
2008,44,0.499
2009,9,0.499
2010,14,0.499
2011,25,0.499
2012,9,0.499
2013,13,0.499
2014,19,0.499
2015,29,0.499
2016,25,0.499
2017,27,0.499
2018,32,0.499
2019,35,0.499
2020,21,0.499
2021,14,0.499
2022,12,0.499
2023,16,0.499
2024,38,0.499
2025,15,0.499
2026,39,0.499
2027,43,0.499
2028,17,0.499
2029,25,0.499
2030,22,0.499
2031,29,0.499
2032,26,0.499
2033,17,0.499
2034,10,0.499
2035,27,0.499
2036,39,0.499
2037,3,0.499
2038,16,0.499
2039,14,0.499
2040,20,0.499
2041,16,0.499
2042,10,0.499
2043,21,0.499
2044,5,0.499
2045,26,0.499
2046,40,0.499
2047,11,0.499
2048,39,0.499
2049,35,0.499
2050,4,0.499
2051,7,0.499
2052,37,0.499
2053,37,0.499
2054,30,0.499
2055,16,0.499
2056,29,0.499
2057,15,0.499
2058,29,0.499
2059,46,0.499
2060,17,0.499
2061,15,0.499
2062,1,0.499
2063,45,0.499
2064,15,0.499
2065,25,0.499
2066,19,0.499
2067,25,0.499
2068,41,0.499
2069,27,0.499
2070,22,0.499
2071,19,0.499
2072,2,0.499
2073,13,0.499
2074,10,0.499
2075,40,0.499
2076,33,0.499
2077,35,0.499
2078,13,0.499
2079,12,0.499
2080,32,0.499
2081,31,0.499
2082,23,0.499
2083,43,0.499
2084,10,0.499
2085,32,0.499
2086,33,0.499
2087,11,0.499
2088,15,0.499
2089,20,0.499
2090,22,0.499
2091,32,0.499
2092,19,0.499
2093,27,0.499
2094,35,0.499
2095,28,0.499
2096,35,0.499
2097,33,0.499
2098,14,0.499
2099,30,0.499
2100,34,0.499
2101,28,0.499
2102,17,0.499
2103,14,0.499
2104,31,0.499
2105,38,0.499
2106,8,0.499
2107,22,0.499
2108,23,0.499
2109,38,0.499
2110,5,0.499
2111,16,0.499
2112,28,0.499
2113,15,0.499
2114,19,0.499
2115,3,0.499
2116,1,0.499
2117,23,0.499
2118,20,0.499
2119,29,0.499
2120,27,0.499
2121,30,0.499
2122,20,0.499
2123,28,0.499
2124,14,0.499
2125,20,0.499
2126,18,0.499
2127,36,0.499
2128,5,0.499
2129,50,0.499
2130,39,0.499
2131,27,0.499
2132,49,0.499
2133,14,0.499
2134,37,0.499
2135,27,0.499
2136,14,0.499
2137,24,0.499
2138,39,0.499
2139,27,0.499
2140,22,0.499
2141,45,0.499
2142,28,0.499
2143,30,0.499
2144,38,0.499
2145,41,0.499
2146,10,0.499
2147,35,0.499
2148,19,0.499
2149,42,0.499
2150,1,0.499
2151,13,0.499
2152,21,0.499
2153,22,0.499
2154,36,0.499
2155,7,0.499
2156,58,0.499
2157,10,0.499
2158,39,0.499
2159,41,0.499
2160,28,0.499
2161,30,0.499
2162,27,0.499
2163,33,0.499
2164,13,0.499
2165,9,0.499
2166,24,0.499
2167,30,0.499
2168,23,0.499
2169,16,0.499
2170,34,0.499
2171,11,0.499
2172,28,0.499
2173,40,0.499
2174,17,0.499
2175,30,0.499
2176,27,0.499
2177,47,0.499
2178,20,0.499
2179,31,0.499
2180,38,0.499
2181,29,0.499
2182,16,0.499
2183,30,0.499
2184,6,0.499
2185,6,0.499
2186,26,0.499
2187,15,0.499
2188,26,0.499
2189,23,0.499
2190,21,0.499
2191,35,0.499
2192,23,0.499
2193,14,0.499
2194,44,0.499
2195,5,0.499
2196,5,0.499
2197,25,0.499
2198,11,0.499
2199,7,0.499
2200,37,0.499
2201,22,0.499
2202,6,0.499
2203,23,0.499
2204,11,0.499
2205,38,0.499
2206,14,0.499
2207,38,0.499
2208,18,0.499
2209,31,0.499
2210,10,0.499
2211,19,0.499
2212,32,0.499
2213,8,0.499
2214,23,0.499
2215,21,0.499
2216,24,0.499
2217,16,0.499
2218,25,0.499
2219,16,0.499
2220,11,0.499
2221,8,0.499
2222,26,0.499
2223,23,0.499
2224,37,0.499
2225,5,0.499
2226,10,0.499
2227,22,0.499
2228,21,0.499
2229,8,0.499
2230,7,0.499
2231,15,0.499
2232,13,0.499
2233,41,0.499
2234,16,0.499
2235,41,0.499
2236,21,0.499
2237,22,0.499
2238,18,0.499
2239,12,0.499
2240,31,0.499
2241,16,0.499
2242,31,0.499
2243,16,0.499
2244,37,0.499
2245,25,0.499
2246,18,0.499
2247,19,0.499
2248,48,0.499
2249,4,0.499
2250,25,0.499
2251,32,0.499
2252,17,0.499
2253,10,0.499
2254,26,0.499
2255,26,0.499
2256,19,0.499
2257,41,0.499
2258,38,0.499
2259,27,0.499
2260,46,0.499
2261,34,0.499
2262,29,0.499
2263,11,0.499
2264,27,0.499
2265,26,0.499
2266,13,0.499
2267,36,0.499
2268,16,0.499
2269,30,0.499
2270,23,0.499
2271,51,0.499
2272,4,0.499
2273,14,0.499
2274,29,0.499
2275,2,0.499
2276,22,0.499
2277,23,0.499
2278,30,0.499
2279,34,0.499
2280,33,0.499
2281,16,0.499
2282,41,0.499
2283,22,0.499
2284,11,0.499
2285,33,0.499
2286,6,0.499
2287,42,0.499
2288,41,0.499
2289,30,0.499
2290,8,0.499
2291,14,0.499
2292,19,0.499
2293,36,0.499
2294,42,0.499
2295,22,0.499
2296,15,0.499
2297,12,0.499
2298,11,0.499
2299,19,0.499
2300,24,0.499
2301,20,0.499
2302,19,0.499
2303,21,0.499
2304,28,0.499
2305,21,0.499
2306,33,0.499
2307,31,0.499
2308,1,0.499
2309,12,0.499
2310,19,0.499
2311,5,0.499
2312,37,0.499
2313,11,0.499
2314,1,0.499
2315,18,0.499
2316,27,0.499
2317,13,0.499
2318,5,0.499
2319,43,0.499
2320,9,0.499
2321,49,0.499
2322,25,0.499
2323,25,0.499
2324,14,0.499
2325,19,0.499
2326,15,0.499
2327,25,0.499
2328,12,0.499
2329,18,0.499
2330,27,0.499
2331,31,0.499
2332,13,0.499
2333,25,0.499
2334,16,0.499
2335,13,0.499
2336,41,0.499
2337,45,0.499
2338,24,0.499
2339,28,0.499
2340,48,0.499
2341,21,0.499
2342,18,0.499
2343,24,0.499
2344,45,0.499
2345,13,0.499
2346,33,0.499
2347,19,0.499
2348,39,0.499
2349,19,0.499
2350,21,0.499
2351,16,0.499
2352,31,0.499
2353,13,0.499
2354,16,0.499
2355,43,0.499
2356,18,0.499
2357,42,0.499
2358,31,0.499
2359,23,0.499
2360,30,0.499
2361,28,0.499
2362,21,0.499
2363,29,0.499
2364,33,0.499
2365,18,0.499
2366,52,0.499
2367,31,0.499
2368,35,0.499
2369,33,0.499
2370,35,0.499
2371,30,0.499
2372,37,0.499
2373,3,0.499
2374,19,0.499
2375,26,0.499
2376,14,0.499
2377,25,0.499
2378,18,0.499
2379,22,0.499
2380,26,0.499
2381,10,0.499
2382,20,0.499
2383,28,0.499
2384,44,0.499
2385,17,0.499
2386,10,0.499
2387,17,0.499
2388,17,0.499
2389,29,0.499
2390,8,0.499
2391,15,0.499
2392,14,0.499
2393,41,0.499
2394,34,0.499
2395,40,0.499
2396,30,0.499
2397,26,0.499
2398,30,0.499
2399,37,0.499
2400,34,0.499
2401,6,0.499
2402,18,0.499
2403,48,0.499
2404,21,0.499
2405,44,0.499
2406,9,0.499
2407,14,0.499
2408,27,0.499
2409,23,0.499
2410,39,0.499
2411,26,0.499
2412,37,0.499
2413,2,0.499
2414,16,0.499
2415,27,0.499
2416,9,0.499
2417,6,0.499
2418,31,0.499
2419,44,0.499
2420,7,0.499
2421,34,0.499
2422,22,0.499
2423,9,0.499
2424,45,0.499
2425,29,0.499
2426,13,0.499
2427,2,0.499
2428,21,0.499
2429,10,0.499
2430,21,0.499
2431,28,0.499
2432,35,0.499
2433,31,0.499
2434,23,0.499
2435,55,0.499
2436,13,0.499
2437,47,0.499
2438,39,0.499
2439,28,0.499
2440,23,0.499
2441,27,0.499
2442,46,0.499
2443,2,0.499
2444,23,0.499
2445,15,0.499
2446,21,0.499
2447,29,0.499
2448,14,0.499
2449,30,0.499
2450,18,0.499
2451,21,0.499
2452,1,0.499
2453,36,0.499
2454,22,0.499
2455,16,0.499
2456,45,0.499
2457,42,0.499
2458,14,0.499
2459,13,0.499
2460,24,0.499
2461,9,0.499
2462,16,0.499
2463,4,0.499
2464,17,0.499
2465,42,0.499
2466,17,0.499
2467,16,0.499
2468,40,0.499
1,20,400
2,24,399
3,23,398
4,21,397
5,0,396
6,19,395
7,0,394
8,5,393
9,12,392
10,8,391
11,8,390
12,2,389
13,12,388
14,1,387
15,18,386
16,10,385
17,5,384
18,10,383
19,1,382
20,3,381
21,11,380
22,1,379
23,12,378
24,20,377
25,1,376
26,4,375
27,3,374
28,4,373
29,6,372
30,9,371
31,14,370
32,0,369
33,11,368
34,11,367
35,2,366
36,2,365
37,12,364
38,3,363
39,11,362
40,5,361
41,0,360
42,10,359
43,5,358
44,8,357
45,5,356
46,0,355
47,9,354
48,8,353
49,17,352
50,10,351
51,9,350
52,3,349
53,6,348
54,7,347
55,2,346
56,7,345
57,5,344
58,1,343
59,7,342
60,0,341
61,13,340
62,5,339
63,9,338
64,7,337
65,7,336
66,12,335
67,16,334
68,8,333
69,0,332
70,7,331
71,1,330
72,15,329
73,3,328
74,3,327
75,10,326
76,11,325
77,3,324
78,7,323
79,2,322
80,2,321
81,0,320
82,6,319
83,10,318
84,8,317
85,4,316
86,3,315
87,8,314
88,1,313
89,0,312
90,1,311
91,13,310
92,3,309
93,6,308
94,2,307
95,5,306
96,8,305
97,0,304
98,0,303
99,0,302
100,3,301
101,7,300
1,0,400
2,10,399
3,21,398
4,12,397
5,7,396
6,7,395
7,13,394
8,15,393
9,3,392
10,4,391
11,0,390
12,10,389
13,7,388
14,8,387
15,22,386
16,2,385
17,8,384
18,12,383
19,14,382
20,10,381
21,2,380
22,6,379
23,1,378
24,14,377
25,15,376
26,24,375
27,7,374
28,7,373
29,17,372
30,2,371
31,8,370
32,2,369
33,4,368
34,25,367
35,2,366
1,21,400
2,10,399
3,24,398
4,7,397
5,10,396
6,12,395
7,1,394
8,3,393
9,9,392
10,0,391
11,12,390
12,1,389
13,4,388
14,6,387
15,6,386
16,16,385
17,12,384
18,11,383
19,5,382
20,19,381
21,14,380
22,9,379
23,22,378
24,16,377
25,1,376
26,6,375
27,4,374
28,4,373
29,6,372
30,3,371
31,18,370
32,3,369
33,1,368
34,20,367
35,25,366
36,9,365
37,3,364
38,20,363
39,11,362
40,0,361
41,18,360
42,5,359
43,3,358
44,3,357
45,1,356
46,11,355
47,7,354
48,6,353
49,12,352
50,0,351
51,5,350
52,2,349
53,0,348
54,9,347
55,11,346
56,9,345
1,2,400
2,3,399
3,0,398
4,17,397
5,20,396
6,21,395
7,6,394
8,2,393
9,1,392
10,0,391
11,19,390
12,0,389
13,8,388
14,5,387
15,0,386
16,4,385
17,10,384
18,21,383
19,2,382
20,20,381
21,4,380
22,25,379
23,9,378
24,3,377
25,4,376
26,0,375
27,19,374
28,0,373
29,5,372
30,39,371
31,3,370
32,4,369
33,1,368
34,5,367
35,10,366
36,5,365
37,12,364
38,12,363
39,11,362
40,2,361
41,3,360
42,1,359
43,1,358
44,15,357
45,1,356
46,8,355
47,10,354
48,3,353
49,4,352
50,4,351
51,3,350
52,1,349
53,1,348
54,1,347
55,3,346
56,7,345
57,3,344
58,4,343
59,9,342
60,0,341
61,10,340
62,18,339
63,8,338
64,4,337
65,0,336
66,10,335
67,15,334
68,15,333
69,7,332
70,3,331
71,17,330
72,6,329
73,4,328
74,3,327
75,20,326
76,5,325
77,2,324
78,3,323
79,1,322
80,0,321
81,6,320
82,1,319
83,3,318
84,17,317
85,3,316
86,3,315
87,6,314
88,3,313
89,8,312
90,9,311
91,17,310
92,5,309
93,0,308
94,0,307
95,6,306
96,18,305
97,12,304
98,0,303
99,10,302
100,2,301
101,4,300
102,9,299
103,2,298
104,15,297
105,7,296
106,3,295
107,11,294
108,4,293
109,1,292
110,8,291
111,15,290
112,5,289
113,3,288
114,1,287
115,2,286
116,1,285
117,0,284
118,9,283
119,1,282
120,8,281
121,2,280
122,1,279
123,1,278
124,6,277
125,11,276
126,4,275
127,0,274
128,1,273
129,4,272
130,2,271
131,0,270
132,1,269
133,9,268
134,11,267
135,1,266
136,14,265
137,1,264
138,6,263
139,12,262
140,7,261
141,2,260
142,4,259
143,12,258
144,3,257
145,4,256
146,5,255
147,5,254
148,7,253
149,1,252
150,12,251
151,1,250
152,1,249
153,2,248
154,6,247
155,1,246
156,3,245
157,9,244
158,6,243
159,4,242
160,6,241
161,1,240
162,9,239
163,4,238
164,1,237
165,18,236
166,5,235
167,4,234
168,4,233
169,6,232
170,14,231
171,0,230
172,12,229
173,1,228
174,1,227
175,12,226
176,11,225
177,4,224
178,3,223
179,4,222
180,7,221
181,10,220
182,9,219
183,4,218
184,7,217
185,6,216
186,7,215
187,4,214
188,8,213
189,3,212
190,9,211
191,1,210
192,3,209
193,3,208
194,4,207
195,4,206
196,15,205
197,1,204
198,6,203
199,11,202
200,3,201
201,20,200
202,3,199
203,6,198
204,14,197
205,8,196
206,5,195
207,4,194
208,7,193
209,1,192
210,6,191
211,5,190
212,6,189
213,0,188
214,0,187
215,4,186
216,2,185
217,3,184
218,0,183
219,5,182
220,9,181
221,12,180
222,7,179
223,1,178
224,5,177
225,11,176
226,14,175
227,5,174
228,12,173
229,4,172
230,5,171
231,9,170
232,6,169
233,0,168
234,16,167
235,0,166
236,6,165
237,6,164
238,6,163
239,2,162
240,4,161
241,11,160
242,5,159
243,11,158
244,14,157
245,13,156
246,1,155
247,0,154
248,1,153
249,0,152
250,1,151
251,6,150
252,10,149
253,6,148
254,2,147
255,12,146
256,5,145
257,3,144
258,12,143
259,7,142
260,0,141
261,10,140
262,3,139
263,9,138
264,2,137
265,1,136
266,3,135
267,3,134
268,6,133
269,15,132
270,0,131
271,7,130
272,2,129
273,19,128
274,4,127
275,0,126
276,1,125
277,6,124
278,1,123
279,2,122
280,0,121
281,6,120
282,2,119
283,11,118
284,6,117
285,1,116
286,9,115
287,4,114
288,8,113
289,11,112
290,5,111
291,7,110
292,6,109
293,5,108
294,16,107
295,3,106
296,0,105
297,1,104
298,5,103
299,9,102
300,5,101
301,11,100
302,12,99
303,4,98
304,9,97
305,6,96
306,3,95
307,12,94
308,7,93
309,7,92
310,10,91
311,13,90
312,4,89
313,4,88
314,15,87
315,6,86
316,3,85
317,1,84
318,10,83
319,1,82
320,6,81
321,3,80
322,9,79
323,2,78
324,17,77
325,11,76
326,5,75
327,7,74
328,1,73
329,7,72
330,6,71
331,4,70
332,1,69
333,5,68
334,1,67
335,0,66
336,2,65
337,9,64
338,2,63
339,4,62
340,2,61
341,8,60
342,7,59
343,2,58
344,2,57
345,3,56
346,8,55
347,7,54
348,9,53
349,3,52
350,5,51
351,4,50
352,8,49
353,4,48
354,5,47
355,13,46
356,7,45
357,4,44
358,3,43
359,2,42
360,11,41
361,0,40
362,9,39
363,2,38
364,1,37
365,10,36
366,3,35
367,2,34
368,6,33
369,13,32
370,1,31
371,11,30
372,1,29
373,16,28
374,0,27
375,1,26
376,1,25
377,3,24
378,7,23
379,0,22
380,2,21
381,1,20
382,9,0.589
383,5,0.1
384,3,0.1
385,2,0.1
386,0,0.1
387,0,0.1
